activity_year,metric,reported_number,qualifier,action,unit,source_published,source_url,accessed
2019,fake_profile_actions,4000000,reported_rounded,removed,profiles,2020-02-19,https://blog.google/products-and-platforms/products/maps/google-maps-101-how-contributed-content-makes-maps-helpful/,2026-10-06
2019,fake_profile_creation_attempts,,not_disclosed,not_disclosed,attempts,2020-02-19,https://blog.google/products-and-platforms/products/maps/google-maps-101-how-contributed-content-makes-maps-helpful/,2026-10-06
2019,unauthorized_ownership_attempts,,not_disclosed,not_disclosed,attempts,2020-02-19,https://blog.google/products-and-platforms/products/maps/google-maps-101-how-contributed-content-makes-maps-helpful/,2026-10-06
2020,fake_profile_actions,3000000,nearly,blocked_or_removed,profiles,2021-02-18,https://blog.google/products-and-platforms/products/maps/google-maps-101-how-we-tackle-fake-and-fraudulent-contributed-content/,2026-10-06
2020,fake_profile_creation_attempts,,not_disclosed,not_disclosed,attempts,2021-02-18,https://blog.google/products-and-platforms/products/maps/google-maps-101-how-we-tackle-fake-and-fraudulent-contributed-content/,2026-10-06
2020,unauthorized_ownership_attempts,3000000,more_than,stopped_verification_attempts,attempts,2021-02-18,https://blog.google/products-and-platforms/products/maps/google-maps-101-how-we-tackle-fake-and-fraudulent-contributed-content/,2026-10-06
2021,fake_profile_actions,7000000,more_than,removed,profiles,2022-03-24,https://blog.google/products-and-platforms/products/maps/how-we-kept-maps-reliable-2021/,2026-10-06
2021,fake_profile_creation_attempts,12000000,more_than,stopped_creation_attempts,attempts,2022-03-24,https://blog.google/products-and-platforms/products/maps/how-we-kept-maps-reliable-2021/,2026-10-06
2021,unauthorized_ownership_attempts,8000000,nearly,stopped_claim_attempts,attempts,2022-03-24,https://blog.google/products-and-platforms/products/maps/how-we-kept-maps-reliable-2021/,2026-10-06
2022,fake_profile_actions,,not_disclosed,not_disclosed,profiles,2023-03-31,https://blog.google/products-and-platforms/products/maps/google-maps-fake-contributions-ai-machine-learning/,2026-10-06
2022,fake_profile_creation_attempts,20000000,reported_rounded,stopped_creation_attempts,attempts,2023-03-31,https://blog.google/products-and-platforms/products/maps/google-maps-fake-contributions-ai-machine-learning/,2026-10-06
2022,unauthorized_ownership_attempts,,not_disclosed,not_disclosed,attempts,2023-03-31,https://blog.google/products-and-platforms/products/maps/google-maps-fake-contributions-ai-machine-learning/,2026-10-06
2023,fake_profile_actions,12000000,more_than,removed_or_blocked,profiles,2024-02-13,https://blog.google/products-and-platforms/products/maps/how-machine-learning-keeps-contributed-content-helpful/,2026-10-06
2023,fake_profile_creation_attempts,,not_disclosed,not_disclosed,attempts,2024-02-13,https://blog.google/products-and-platforms/products/maps/how-machine-learning-keeps-contributed-content-helpful/,2026-10-06
2023,unauthorized_ownership_attempts,2000000,more_than,protected_from_claim_attempts,attempts,2024-02-13,https://blog.google/products-and-platforms/products/maps/how-machine-learning-keeps-contributed-content-helpful/,2026-10-06
2024,fake_profile_actions,12000000,more_than,removed_or_blocked,profiles,2025-04-07,https://blog.google/products-and-platforms/products/maps/google-business-profiles-ai-fake-reviews/,2026-10-06
2024,fake_profile_creation_attempts,,not_disclosed,not_disclosed,attempts,2025-04-07,https://blog.google/products-and-platforms/products/maps/google-business-profiles-ai-fake-reviews/,2026-10-06
2024,unauthorized_ownership_attempts,,not_disclosed,not_disclosed,attempts,2025-04-07,https://blog.google/products-and-platforms/products/maps/google-business-profiles-ai-fake-reviews/,2026-10-06
2025,fake_profile_actions,13000000,more_than,removed,profiles,2026-04-16,https://blog.google/products-and-platforms/products/maps/new-ways-were-protecting-businesses-on-maps/,2026-10-06
2025,fake_profile_creation_attempts,,not_disclosed,not_disclosed,attempts,2026-04-16,https://blog.google/products-and-platforms/products/maps/new-ways-were-protecting-businesses-on-maps/,2026-10-06
2025,unauthorized_ownership_attempts,,not_disclosed,not_disclosed,attempts,2026-04-16,https://blog.google/products-and-platforms/products/maps/new-ways-were-protecting-businesses-on-maps/,2026-10-06
